Country Name,Country Code,2019
Aruba,ABW,
Africa Eastern and Southern,AFE,8.024906364
Afghanistan,AFG,4.1
Africa Western and Central,AFW,5.420254996
Angola,AGO,6.1
Albania,ALB,4.3
Andorra,AND,
Arab World,ARB,4.162428404
United Arab Emirates,ARE,6.4
Argentina,ARG,8.4
Armenia,ARM,3.3
American Samoa,ASM,
Antigua and Barbuda,ATG,0.4
Australia,AUS,12.5
Austria,AUT,14.6
Azerbaijan,AZE,4.1
Burundi,BDI,6.2
Belgium,BEL,18.3
Benin,BEN,7.8
Burkina Faso,BFA,7.5
Bangladesh,BGD,3.7
Bulgaria,BGR,9.7
Bahrain,BHR,8.9
"Bahamas, The",BHS,3.5
Bosnia and Herzegovina,BIH,10.9
Belarus,BLR,21.2
Belize,BLZ,7.1
Bermuda,BMU,
Bolivia,BOL,6.2
Brazil,BRA,6.9
Barbados,BRB,0.6
Brunei Darussalam,BRN,2.7
Bhutan,BTN,4.6
Botswana,BWA,16.1
Central African Republic,CAF,12.3
Canada,CAN,11.8
Central Europe and the Baltics,CEB,12.5212572
Switzerland,CHE,14.5
Channel Islands,CHI,
Chile,CHL,9
China,CHN,8.1
Cote d'Ivoire,CIV,8.9
Cameroon,CMR,9
"Congo, Dem. Rep.",COD,6.7
"Congo, Rep.",COG,6.5
Colombia,COL,3.9
Comoros,COM,5.4
Cabo Verde,CPV,12.9
Costa Rica,CRI,8.1
Caribbean small states,CSS,10.04785108
Cuba,CUB,14.5
Curacao,CUW,
Cayman Islands,CYM,
Cyprus,CYP,3.6
Czechia,CZE,12.2
Germany,DEU,12.3
Djibouti,DJI,9.6
Dominica,DMA,
Denmark,DNK,10.7
Dominican Republic,DOM,4.9
Algeria,DZA,2.5
East Asia & Pacific (excluding high income),EAP,6.867094854
Early-demographic dividend,EAR,8.467488625
East Asia & Pacific,EAS,7.892033604
Europe & Central Asia (excluding high income),ECA,15.24527033
Europe & Central Asia,ECS,12.82737226
Ecuador,ECU,7.6
"Egypt, Arab Rep.",EGY,3
Euro area,EMU,11.14759189
Eritrea,ERI,10.9
Spain,ESP,7.7
Estonia,EST,14.9
Ethiopia,ETH,5.4
European Union,EUU,11.34299747
Fragile and conflict affected situations,FCS,6.01850897
Finland,FIN,15.3
Fiji,FJI,9
France,FRA,13.8
Faroe Islands,FRO,
"Micronesia, Fed. Sts.",FSM,28.2
Gabon,GAB,8.4
United Kingdom,GBR,15.1
Georgia,GEO,9.2
Ghana,GHA,6.6
Gibraltar,GIB,
Guinea,GIN,7
"Gambia, The",GMB,4.8
Guinea-Bissau,GNB,7
Equatorial Guinea,GNQ,7.9
Greece,GRC,5.1
Grenada,GRD,0.7
Greenland,GRL,
Guatemala,GTM,5.9
Guam,GUM,
Guyana,GUY,40.3
High income,HIC,13.33905454
"Hong Kong SAR, China",HKG,
Honduras,HND,2.1
Heavily indebted poor countries (HIPC),HPC,6.234275806
Croatia,HRV,16.4
Haiti,HTI,9.6
Hungary,HUN,16.6
IBRD only,IBD,9.215698505
IDA & IBRD total,IBT,8.408868342
IDA total,IDA,6.140696473
IDA blend,IDB,6.684200129
Indonesia,IDN,2.4
IDA only,IDX,5.870706772
Isle of Man,IMN,
India,IND,12.7
Not classified,INX,
Ireland,IRL,9.6
"Iran, Islamic Rep.",IRN,5.2
Iraq,IRQ,3.6
Iceland,ISL,11.9
Israel,ISR,5.3
Italy,ITA,6.7
Jamaica,JAM,2.4
Jordan,JOR,1.6
Japan,JPN,15.3
Kazakhstan,KAZ,17.6
Kenya,KEN,6.1
Kyrgyz Republic,KGZ,7.4
Cambodia,KHM,4.9
Kiribati,KIR,28.3
St. Kitts and Nevis,KNA,
"Korea, Rep.",KOR,28.6
Kuwait,KWT,2.9
Latin America & Caribbean (excluding high income),LAC,6.199477283
Lao PDR,LAO,5.4
Lebanon,LBN,2.8
Liberia,LBR,4.5
Libya,LBY,4.5
St. Lucia,LCA,7.9
Latin America & Caribbean,LCN,6.199255783
Least developed countries: UN classification,LDC,5.700744895
Low income,LIC,6.048745825
Liechtenstein,LIE,
Sri Lanka,LKA,14
Lower middle income,LMC,9.068046055
Low & middle income,LMY,8.417066412
Lesotho,LSO,72.4
Late-demographic dividend,LTE,9.122998765
Lithuania,LTU,26.1
Luxembourg,LUX,11.3
Latvia,LVA,20.1
"Macao SAR, China",MAC,
St. Martin (French part),MAF,
Morocco,MAR,7.2
Monaco,MCO,
Moldova,MDA,14.7
Madagascar,MDG,5.5
Maldives,MDV,2.7
Middle East & North Africa,MEA,4.292004843
Mexico,MEX,5.3
Marshall Islands,MHL,
Middle income,MIC,8.681030551
North Macedonia,MKD,9.4
Mali,MLI,4.1
Malta,MLT,6.1
Myanmar,MMR,2.9
Middle East & North Africa (excluding high income),MNA,4.046397962
Montenegro,MNE,21
Mongolia,MNG,17.9
Northern Mariana Islands,MNP,
Mozambique,MOZ,13.6
Mauritania,MRT,3.1
Mauritius,MUS,9.5
Malawi,MWI,5.4
Malaysia,MYS,5.7
North America,NAC,15.65815384
Namibia,NAM,9.7
New Caledonia,NCL,
Niger,NER,5.3
Nigeria,NGA,3.5
Nicaragua,NIC,4.4
Netherlands,NLD,11.8
Norway,NOR,11.8
Nepal,NPL,9
Nauru,NRU,
New Zealand,NZL,11
OECD members,OED,11.96838064
Oman,OMN,4.9
Other small states,OSS,13.65693242
Pakistan,PAK,8.9
Panama,PAN,2.9
Peru,PER,2.8
Philippines,PHL,2.2
Palau,PLW,
Papua New Guinea,PNG,3
Poland,POL,11.3
Pre-demographic dividend,PRE,5.587020737
Puerto Rico,PRI,
"Korea, Dem. People's Rep.",PRK,9.4
Portugal,PRT,11.5
Paraguay,PRY,6
West Bank and Gaza,PSE,
Pacific island small states,PSS,13.62815212
Post-demographic dividend,PST,14.42311179
French Polynesia,PYF,
Qatar,QAT,5.8
Romania,ROU,9.7
Russian Federation,RUS,25.1
Rwanda,RWA,5.6
South Asia,SAS,11.22139118
Saudi Arabia,SAU,6
Sudan,SDN,3.8
Senegal,SEN,6
Singapore,SGP,11.2
Solomon Islands,SLB,14.7
Sierra Leone,SLE,6.7
El Salvador,SLV,6.1
San Marino,SMR,
Somalia,SOM,7.9
Serbia,SRB,11.4
Sub-Saharan Africa (excluding high income),SSA,6.96974141
South Sudan,SSD,3.9
Sub-Saharan Africa,SSF,6.969839794
Small states,SST,13.0234103
Sao Tome and Principe,STP,1.5
Suriname,SUR,25.4
Slovak Republic,SVK,12.1
Slovenia,SVN,19.8
Sweden,SWE,14.7
Eswatini,SWZ,29.4
Sint Maarten (Dutch part),SXM,
Seychelles,SYC,8.1
Syrian Arab Republic,SYR,2
Turks and Caicos Islands,TCA,
Chad,TCD,6.4
East Asia & Pacific (IDA & IBRD countries),TEA,6.835739835
Europe & Central Asia (IDA & IBRD countries),TEC,14.69430186
Togo,TGO,8.8
Thailand,THA,8.8
Tajikistan,TJK,4.3
Turkmenistan,TKM,5.7
Latin America & the Caribbean (IDA & IBRD countries),TLA,6.05423398
Timor-Leste,TLS,3.7
Middle East & North Africa (IDA & IBRD countries),TMN,4.046397962
Tonga,TON,3.8
South Asia (IDA & IBRD),TSA,11.22139118
Sub-Saharan Africa (IDA & IBRD countries),TSS,6.969839794
Trinidad and Tobago,TTO,8.7
Tunisia,TUN,3.3
Turkiye,TUR,2.4
Tuvalu,TUV,
Tanzania,TZA,4.3
Uganda,UGA,4.6
Ukraine,UKR,21.6
Upper middle income,UMC,8.247508838
Uruguay,URY,21.2
United States,USA,16.1
Uzbekistan,UZB,8
St. Vincent and the Grenadines,VCT,1
"Venezuela, RB",VEN,2.1
British Virgin Islands,VGB,
Virgin Islands (U.S.),VIR,
Viet Nam,VNM,7.5
Vanuatu,VUT,18
World,WLD,9.160309387
Samoa,WSM,12.6
Kosovo,XKX,
"Yemen, Rep.",YEM,5.8
South Africa,ZAF,23.5
Zambia,ZMB,7.3
Zimbabwe,ZWE,14.1